{"stats":{"minecraft:killed_by":{"minecraft:zombie":5},"minecraft:custom":{"minecraft:time_since_rest":14203,"minecraft:deaths":7,"minecraft:sprint_one_cm":14726,"minecraft:play_time":24601,"minecraft:damage_taken":1505,"minecraft:walk_one_cm":15913,"minecraft:sneak_time":1857,"minecraft:mob_kills":2,"minecraft:drop":1,"minecraft:jump":129,"minecraft:damage_dealt":278,"minecraft:leave_game":3,"minecraft:time_since_death":14171,"minecraft:total_world_time":24601,"minecraft:fall_one_cm":5581,"minecraft:fly_one_cm":35446},"minecraft:picked_up":{"minecraft:feather":4,"minecraft:chicken":2,"minecraft:rotten_flesh":3,"minecraft:dandelion":1,"minecraft:egg":3},"minecraft:mined":{"minecraft:grass":18,"minecraft:dandelion":1},"minecraft:killed":{"minecraft:chicken":2},"minecraft:dropped":{"minecraft:dandelion":1},"minecraft:used":{"minecraft:egg":3}},"DataVersion":3120}