{"stats":{"minecraft:killed_by":{"minecraft:zombie":5},"minecraft:custom":{"minecraft:jump":83,"minecraft:time_since_rest":3793,"minecraft:damage_dealt":200,"minecraft:damage_taken":1485,"minecraft:leave_game":1,"minecraft:play_time":14191,"minecraft:sprint_one_cm":6676,"minecraft:time_since_death":3761,"minecraft:walk_one_cm":8986,"minecraft:deaths":7,"minecraft:sneak_time":1857,"minecraft:total_world_time":14191,"minecraft:mob_kills":1,"minecraft:fall_one_cm":4327,"minecraft:fly_one_cm":22631},"minecraft:picked_up":{"minecraft:chicken":1,"minecraft:feather":2,"minecraft:egg":1},"minecraft:mined":{"minecraft:grass":2},"minecraft:killed":{"minecraft:chicken":1},"minecraft:used":{"minecraft:egg":1}},"DataVersion":3120}