{"stats":{"minecraft:killed_by":{"minecraft:skeleton":1,"minecraft:zombie":2},"minecraft:custom":{"minecraft:time_since_rest":2501,"minecraft:crouch_one_cm":1055,"minecraft:play_time":17491,"minecraft:sprint_one_cm":35156,"minecraft:walk_one_cm":21682,"minecraft:damage_taken":933,"minecraft:deaths":3,"minecraft:sneak_time":234,"minecraft:mob_kills":1,"minecraft:jump":149,"minecraft:damage_dealt":230,"minecraft:leave_game":2,"minecraft:time_since_death":2471,"minecraft:total_world_time":17491,"minecraft:fall_one_cm":2920,"minecraft:fly_one_cm":30496},"minecraft:picked_up":{"minecraft:rotten_flesh":2,"minecraft:wheat_seeds":2,"minecraft:dirt":35,"minecraft:egg":1},"minecraft:mined":{"minecraft:grass":6},"minecraft:used":{"minecraft:dirt":5,"minecraft:egg":1}},"DataVersion":3120}