{
  "minecraft:adventure/root": {
    "criteria": {
      "killed_by_something": "2024-08-04 01:52:48 +0000"
    },
    "done": true
  },
  "minecraft:adventure/kill_a_mob": {
    "criteria": {
      "minecraft:zombie": "2024-08-04 01:54:36 +0000"
    },
    "done": true
  },
  "minecraft:recipes/food/cake": {
    "criteria": {
      "has_egg": "2024-08-04 01:55:57 +0000"
    },
    "done": true
  },
  "minecraft:adventure/kill_all_mobs": {
    "criteria": {
      "minecraft:zombie": "2024-08-04 01:54:36 +0000"
    },
    "done": false
  },
  "minecraft:adventure/adventuring_time": {
    "criteria": {
      "minecraft:beach": "2024-08-04 01:52:21 +0000",
      "minecraft:stony_shore": "2024-08-04 01:56:00 +0000",
      "minecraft:plains": "2024-08-04 01:39:39 +0000"
    },
    "done": false
  },
  "DataVersion": 3120
}